<?xml version="1.0" encoding="UTF-8"?>
<metadata xml:lang="es"><Esri><CreaDate>20250705</CreaDate><CreaTime>17324500</CreaTime><ArcGISFormat>1.0</ArcGISFormat><SyncOnce>TRUE</SyncOnce><DataProperties><itemProps/><lineage><Process ToolSource="c:\program files\arcgis\pro\Resources\ArcToolbox\Toolboxes\Data Management Tools.tbx\Rename" Date="20250705" Time="133436">Rename C:\Users\ignac\Downloads\Shapefile\Encuesta_Terreno_ICTMA_1s_2025_ExportTable_XYTableToPoint_-_gdb.shp C:\Users\ignac\Downloads\Shapefile\Encuesta_Terreno_ICTMA_1s_2025.shp ShapeFile</Process></lineage></DataProperties></Esri></metadata>
